<?xml version="1.0" encoding="UTF-8" standalone="yes"?>
<addon id="plugin.video.247tv" name="24-7 TV" version="1.0.0" provider-name="IPCC">
  <requires>
   <import addon="xbmc.python" version="2.19.0"/>   
   <import addon="script.module.beautifulsoup4" /> 
   <import addon="script.module.requests"/>
  </requires>
  <extension point="xbmc.python.pluginsource" library="default.py">
        <provides>video</provides>
  </extension>  
  <extension point="xbmc.addon.metadata">    
    <platform>all</platform>
    <summary lang="en">Watch 24/7 Channels</summary>
    <disclaimer lang="en"></disclaimer>
    <language>en</language>
    <platform>all</platform>
  </extension>
</addon>
