﻿<?xml version="1.0" encoding="UTF-8" standalone="yes"?>
<addon id="plugin.video.stalker" name="CableOi®" version="52.5.0" provider-name="dara, couch potato, CableOi">
    <requires>
		<import addon="xbmc.python" version="2.14.0"/>
	</requires>
	<extension point="xbmc.python.pluginsource" library="addon.py">
		<provides>video</provides>
	</extension>
	<extension point="xbmc.service" library="server.py" start="startup" />
	<extension point="xbmc.addon.metadata">
		<platform>all</platform>
		<summary lang="en"></summary>
		<description lang="en"></description>
		<license>GNU General Public License, v2</license>
		<language></language>
		<forum></forum>
	</extension>
	<extension point="kodi.context.item">
	  <menu id="kodi.core.main">
		<item library="contextitem.py">
		  <label>hello</label>
		  <visible>true</visible>
		</item>
	  </menu>
	</extension>
</addon>
